SKU,Status,"Clyde Status",Message
MH1_Pre_Filter_US,"On Update",Errors,"Clyde API Host no found, Unable to connect to clyde at .. - "
MH1_PECO_Filter_US,"On Update",Errors,"Clyde API Host no found, Unable to connect to clyde at .. - "
MH1-BBB-1,"On Update",Errors,"Clyde API Host no found, Unable to connect to clyde at .. - "
MH1_Filter_set_US,"On Update",Errors,"Clyde API Host no found, Unable to connect to clyde at .. - "
"MH1_Filter set_CA","On Update",Errors,"Clyde API Host no found, Unable to connect to clyde at .. - "
MH1-BBB-1CA,"On Update",Errors,"Clyde API Host no found, Unable to connect to clyde at .. - "
MH1_Pre_Filter_CA,"On Update",Errors,"Clyde API Host no found, Unable to connect to clyde at .. - "
MH1_PECO_Filter_CA,"On Update",Errors,"Clyde API Host no found, Unable to connect to clyde at .. - "
MN1B-US,"On Update",Errors,"Clyde API Host no found, Unable to connect to clyde at .. - "
MH1-AAA-1-R,"On Update",Errors,"Clyde API Host no found, Unable to connect to clyde at .. - "
MH1-HDLALT,"On Update",Errors,"Clyde API Host no found, Unable to connect to clyde at .. - "
MH1-PKG,"On Update",Errors,"Clyde API Host no found, Unable to connect to clyde at .. - "
MH1-PWRCABLE,"On Update",Errors,"Clyde API Host no found, Unable to connect to clyde at .. - "
MH1-QSG,"On Update",Errors,"Clyde API Host no found, Unable to connect to clyde at .. - "
MH1-PF3-2PK,"On Update",Errors,"Clyde API Host no found, Unable to connect to clyde at .. - "
MH1-LIDGSK-RPLC,"On Update",Errors,"Clyde API Host no found, Unable to connect to clyde at .. - "
MN1-PECFL-SUB-US,"On Update",Errors,"Clyde API Host no found, Unable to connect to clyde at .. - "
MN1-PECFL-US,"On Update",Errors,"Clyde API Host no found, Unable to connect to clyde at .. - "
MH1-PFT,"On Update",Errors,"Clyde API Host no found, Unable to connect to clyde at .. - "
zero-dollar-item,"On Update",Errors,"Clyde API Host no found, Unable to connect to clyde at .. - "
MN1-PKG,"On Update",Errors,"Clyde API Host no found, Unable to connect to clyde at .. - "
MN2P-US,"On Update",Errors,"Clyde API Host no found, Unable to connect to clyde at .. - "
SQ2P-US,"On Update",Errors,"Clyde API Host no found, Unable to connect to clyde at .. - "
SQ1-PECFL-SUB-US,"On Update",Errors,"Clyde API Host no found, Unable to connect to clyde at .. - "
SQ1-PECFL-US,"On Update",Errors,"Clyde API Host no found, Unable to connect to clyde at .. - "
MN2P-CA,"On Update",Errors,"Clyde API Host no found, Unable to connect to clyde at .. - "
MN1-PECFL-SUB-CA,"On Update",Errors,"Clyde API Host no found, Unable to connect to clyde at .. - "
MN2P-RT-US,"On Update",Errors,"Clyde API Host no found, Unable to connect to clyde at .. - "
